stop_id,stop_name,records,mean_deviation_seconds,median_deviation_seconds,std_deviation_seconds,p90_deviation_seconds,p95_deviation_seconds,early_percent,on_time_percent,late_percent
104264,6th Ave at Victoria St,42233,44.789,19.0,211.695,313.0,427.0,31.62,47.432,20.948
104402,McGill Rd at University Dr,33237,130.27,112.0,170.821,333.0,423.0,9.992,57.397,32.611
104263,Seymour St at 4th Ave,31330,41.531,23.0,210.667,292.0,406.0,32.665,48.015,19.32
104439,McGill Rd at Dalhousie Dr,30061,149.695,116.0,168.582,361.0,458.0,4.102,61.292,34.606
104406,University Dr at McGill Rd,27465,116.542,80.0,142.242,297.0,378.0,2.155,71.819,26.026
104403,Campus Dr at McGill Rd,27408,88.074,76.0,165.363,284.0,363.0,16.324,59.173,24.504
104404,Campus Dr at WolfPack Rd,27365,95.595,86.0,168.38,294.6,371.0,15.582,57.785,26.633
104577,Lansdowne Exch Bay B,22454,11.908,14.0,204.275,212.0,320.0,26.32,61.539,12.14
104438,Campus Dr at WolfPack Rd,22141,123.095,91.0,170.909,333.0,441.0,7.285,64.46,28.255
104436,Hillside Dr at McGill Rd,22081,101.889,69.0,170.894,317.0,425.0,11.222,64.309,24.469
104393,Columbia St at 3rd Ave,21614,169.586,148.0,133.924,324.0,407.0,1.147,60.354,38.498
104585,Springhill Dr at Gleneagles Dr S,19658,73.209,41.0,152.338,260.0,347.0,13.175,67.743,19.081
104260,200 Blk Victoria St W,19263,60.66,27.0,206.068,314.0,427.9,28.723,49.214,22.063
104261,Seymour St at 1st Ave,19228,20.525,0.0,207.176,267.0,384.0,36.093,45.09,18.816
104262,Seymour St at 3rd Ave,19215,34.424,1.0,210.971,290.0,409.0,35.129,45.86,19.011
104504,Lansdowne Exch Bay C,19000,15.469,15.0,223.558,220.0,352.0,25.653,61.7,12.647
104437,TRU Exch Bay D,18603,116.37,80.0,174.841,339.0,445.0,8.423,63.968,27.608
104440,McGill Rd at Summit Dr,18572,146.743,114.0,183.928,377.0,483.0,7.28,58.254,34.466
104401,McGill Rd at Summit Dr,18568,125.876,108.0,140.177,289.0,365.0,4.955,66.819,28.226
104200,Lansdowne Exch Bay I,18541,52.647,43.0,238.44,293.0,416.0,18.829,62.688,18.483
104201,Lansdowne St at 4th Ave,18130,106.929,83.0,120.951,219.0,315.0,0.022,85.174,14.804
104202,Lansdowne at 2nd Ave,18105,157.636,133.0,125.509,282.0,374.0,0.017,72.72,27.263
151032,200 Blk Victoria St W,17977,161.277,136.0,126.082,285.0,375.0,0.056,68.298,31.646
104433,Hillside Dr at Cariboo Pl,17391,64.84,41.0,146.952,236.0,326.0,15.134,68.702,16.164
104451,3rd Ave at Battle St,16960,9.418,-12.0,196.269,251.0,356.05,38.084,46.309,15.607
104452,3rd Ave at Seymour St,16875,10.199,-5.0,198.213,250.0,358.0,37.944,46.412,15.644
104255,Tranquille Rd at MacKenzie Ave,16419,171.433,127.0,188.506,407.0,520.0,3.697,58.621,37.682
104259,Tranquille Rd at Leigh Rd,16391,163.324,119.0,196.173,409.0,524.0,5.473,57.977,36.551
104227,Crestline St at Fleetwood Ave,15876,121.902,99.0,163.794,308.0,397.0,7.748,62.887,29.365
104534,Laurier Dr at Sifton Ave,15545,48.617,15.0,165.788,245.0,340.0,19.157,65.706,15.137
104555,Summit Dr at Notre Dame Dr,15382,124.548,96.0,169.842,333.9,426.0,8.224,62.768,29.008
104515,Summit Dr at Notre Dame Dr,15198,153.427,125.0,154.626,345.0,429.0,2.967,62.278,34.755
104514,Summit Dr at Arrowstone Dr,15084,158.716,130.0,148.792,346.0,426.0,1.81,62.51,35.68
104556,1300 Blk Summit Dr,15024,94.296,66.0,170.56,303.0,394.0,13.891,62.121,23.988
104557,Summit Dr at Arrowstone Dr,15013,112.187,87.0,176.977,330.0,428.0,12.163,59.908,27.929
951000,Kamloops Transit Centre,14913,-23.6,-45.0,356.561,347.0,573.0,47.884,33.273,18.843
104513,Summit Dr at McGill Rd,14865,124.401,94.0,144.29,305.0,381.0,3.296,68.618,28.086
104318,Lansdowne Exch Bay G,14733,27.214,30.0,218.676,235.0,352.4,23.77,61.345,14.885
104511,Columbia St W at Greenstone Dr,14439,130.853,111.0,151.902,307.0,390.1,5.762,64.257,29.981
104510,Columbia St W at Grandview Terr,14283,150.684,133.0,148.031,319.8,407.0,4.103,61.087,34.811
104559,Columbia St W at Greenstone Dr,14265,159.379,127.0,191.814,401.0,505.0,7.305,54.609,38.086
104609,McGill Rd at Camosun Cres,13623,157.982,132.0,171.09,363.8,466.9,5.645,58.034,36.321
104257,Tranquille Rd at Palm St,12901,192.815,161.0,204.277,440.0,556.0,5.348,48.671,45.981
104256,Tranquille Rd at Knox St,12898,175.84,144.0,202.59,422.3,535.15,6.474,51.357,42.169
104258,Tranquille Rd at Wilson St,12868,171.5,139.0,205.954,419.3,540.0,7.732,50.956,41.312
104353,Harrington Rd at Overlander Dr,12758,53.848,23.0,170.602,240.0,347.0,16.186,68.733,15.081
104408,Hillside Dr at Notre Dame Dr,12590,122.805,89.0,137.718,289.0,371.55,2.24,72.208,25.552
104407,1000 Blk Hillside Dr,12581,113.17,78.0,139.064,284.0,369.0,2.377,73.5,24.124
104434,Hillside Dr at Notre Dame Dr,12578,72.165,44.0,153.545,257.0,353.15,14.176,67.69,18.135
104207,Tranquille Rd at Wood St,12325,116.216,93.0,135.406,257.0,338.8,2.264,76.552,21.185
104204,Tranquille Rd at Don St,12321,104.376,79.0,127.915,229.0,321.0,1.704,82.136,16.159
104205,Tranquille Rd at Palm St,12314,120.937,98.0,133.209,257.0,343.0,1.632,77.213,21.155
104206,Tranquille Rd at Clapperton Rd,12313,96.363,73.0,133.418,233.0,317.0,4.28,79.168,16.552
104654,Lansdowne Exch Bay E,11963,39.996,34.0,231.694,243.0,375.9,21.842,63.655,14.503
151039,Tranquille Rd at Poplar St,11720,168.596,114.0,184.81,408.0,515.0,2.423,60.179,37.398
104508,Columbia St at 5th Ave,11437,133.596,110.0,125.076,274.0,363.0,1.574,75.413,23.013
104405,TRU Exch Bay G,10603,-15.009,7.0,186.078,148.0,225.0,29.869,62.671,7.46
104509,Columbia St W at Bluff Pl,10494,202.763,179.0,140.254,365.0,451.35,0.705,49.657,49.638
104377,8th St at Lethbridge Ave,10412,47.59,17.0,193.937,258.9,388.0,24.078,59.729,16.193
104376,8th St at Sudbury Ave,10408,54.236,22.0,193.824,259.0,394.0,21.791,61.357,16.852
104378,8th St at Selkirk Ave,10406,43.286,13.0,195.936,250.0,387.0,25.524,58.899,15.578
104379,8th St at Moncton Ave,10405,55.837,26.0,197.239,266.0,403.0,22.441,60.452,17.107
104380,8th St at Tranquille Rd,10370,43.933,10.0,196.85,252.0,390.0,24.802,59.73,15.468
104603,Summit Dr at Waddington Dr,10327,101.289,67.0,166.237,308.0,404.7,10.448,65.159,24.392
104599,Summit Dr at Hollyburn Dr,10326,137.768,104.0,163.684,340.0,435.75,4.852,64.265,30.883
104606,Summit Dr at Gordonhorn Cres,10326,96.88,63.0,168.238,307.0,403.0,11.718,64.439,23.843
104598,Summit Dr at Monteith Dr,10321,105.039,72.0,161.966,304.0,399.0,8.594,66.302,25.104
104600,Summit Dr at Tremerton Dr,10320,116.712,83.0,164.999,320.0,417.0,7.452,65.533,27.016
104605,Summit Dr at Freshfield Rd,10320,106.093,72.0,166.932,313.0,412.0,9.273,65.678,25.048
104578,TRU Exch Bay E,10309,169.42,151.0,148.374,348.0,431.0,2.105,57.193,40.702
104591,Whistler Dr at Gleneagles Dr,10309,86.007,53.0,158.376,284.0,377.0,11.33,67.281,21.389
104608,Summit Dr at Springhill Dr,10301,142.412,109.0,170.11,354.0,451.0,5.116,62.703,32.181
104602,Summit Dr at Gleneagles Dr,10222,80.729,48.0,164.901,284.0,379.0,14.938,63.98,21.082
104595,Robson Dr at Breakenridge Crt,10215,105.534,75.0,159.492,300.0,393.0,8.399,66.882,24.719
104592,Whistler Dr at Whistler Pl,10213,92.556,59.0,154.338,283.0,372.0,9.507,68.178,22.315
104593,Robson Dr at Hollyburn Dr,10210,110.314,78.0,158.193,304.0,397.55,7.258,67.434,25.309
104594,300 Blk Robson Dr,10210,114.685,81.0,156.167,307.0,397.0,6.376,67.483,26.141
104596,Robson Dr at Gladstone Pl,10210,90.446,60.0,160.095,285.0,381.0,11.312,66.68,22.008
104597,Robson Dr at Gladstone Dr,10199,107.971,73.0,160.081,306.2,400.0,7.422,67.311,25.267
104580,1400 Blk Springhill Dr,10113,167.578,145.0,166.109,368.0,454.0,4.816,54.484,40.7
104581,1500 Blk Springhill Dr,10113,135.437,113.0,166.416,336.0,423.0,8.316,57.767,33.917
104590,400 Blk Gleneagles Dr,10113,89.36,58.0,152.109,277.0,366.0,9.74,68.822,21.438
104582,Springhill Dr at Springfield Pl,10111,91.717,69.0,165.189,293.0,379.0,15.409,59.608,24.983
104583,Springhill Dr at Springview Pl,10109,86.09,53.0,154.244,274.0,360.0,11.129,67.148,21.723
104584,Springhill Dr at Gleneagles Dr N,10108,75.978,47.0,156.452,268.0,354.0,14.741,64.85,20.41
104589,Gleneagles Dr at Monarch Crt,10106,96.574,62.0,151.293,285.0,373.5,8.005,69.236,22.759
104588,Gleneagles Dr at Skagit Pl,10098,75.556,43.0,150.958,262.0,348.15,12.27,68.419,19.311
104587,Gleneagles Dr at Wentworth Pl,10094,102.365,69.0,151.317,290.0,377.35,7.222,69.061,23.717
104579,Summit Dr at Springhill Dr,10086,190.722,167.0,165.379,393.0,476.0,2.647,50.724,46.629
104586,Gleneagles Dr at Glen Gary Dr,10066,76.035,41.0,150.226,262.0,348.75,11.713,68.826,19.462
104618,North Shore Exch Bay A,9985,100.387,35.0,242.511,421.6,608.0,13.53,66.159,20.31
104417,Pacific Way at Aberdeen Dr,9858,31.147,11.0,151.594,185.0,269.0,22.418,67.245,10.337
104327,8th St at Fortune Dr,9628,172.214,145.0,141.53,332.0,412.0,0.26,62.412,37.329
104330,8th St at York Ave,9627,173.437,147.0,146.914,335.0,428.0,0.488,60.87,38.641
104328,8th St at Richmond Ave,9626,164.232,134.0,141.427,323.0,411.75,0.384,64.44,35.176
104329,8th St at Sherbrooke Ave,9626,174.542,143.0,145.674,338.0,428.0,0.364,60.835,38.801
104450,3rd Ave at Columbia St,9529,-13.651,-39.0,199.046,238.0,338.0,44.884,41.316,13.8
104291,Crestline St at Fleetwood Ave,9394,85.42,56.0,173.212,280.7,379.0,12.838,66.734,20.428
104322,Fortune Dr at Birch Ave,9336,109.467,91.0,134.304,247.0,332.0,4.756,75.386,19.859
104324,Fortune Dr at Chestnut Ave,9302,63.665,45.0,139.423,212.0,299.0,13.438,73.167,13.395
104320,Fortune Dr at Fort Ave,9295,130.899,108.0,130.736,271.0,353.3,1.517,75.352,23.131
104265,Lansdowne Exch Bay H,9157,81.871,57.0,189.83,296.0,404.2,14.251,66.135,19.613
104453,TRU Exch Bay H,8975,25.331,17.0,160.25,176.0,260.0,18.696,71.71,9.593
104431,Hillside Dr at Pacific Way,8911,80.34,64.0,132.31,227.0,295.0,9.314,74.021,16.665
104432,Aberdeen Mall Bay A,8909,90.949,73.0,132.419,240.0,313.0,6.409,75.138,18.453
104409,Aberdeen Mall Bay B,8895,96.841,75.0,114.257,225.0,288.3,1.551,81.832,16.616
104529,Hugh Allan Dr at Gloaming Dr,8893,106.517,75.0,175.638,317.0,419.0,11.222,63.263,25.514
104423,Van Horne Dr at Laurier Dr,8887,107.007,57.0,177.994,309.0,434.7,6.459,72.488,21.053
104530,800 Blk Hugh Allan Dr,8878,105.199,72.5,176.847,318.0,420.15,12.323,62.266,25.411
104532,Sifton Ave at Fleming Dr,8878,67.207,31.0,179.081,278.0,383.0,19.689,61.41,18.901
104533,2200 Blk Sifton Ave,8877,55.454,21.0,178.881,263.0,365.0,21.606,61.372,17.022
104531,Sifton Ave at Hector Dr,8873,94.26,60.0,175.835,303.0,404.0,12.972,64.06,22.969
104545,Rogers Way at Hugh Allan Dr,8867,84.933,50.0,151.889,275.0,372.0,8.752,71.354,19.894
104541,Van Horne Dr at Howe Rd,8850,98.474,58.0,167.308,288.0,398.55,7.695,70.96,21.345
104542,1100 Blk Howe Rd,8841,69.065,30.0,168.507,263.0,371.0,14.942,68.126,16.932
104540,Van Horne Dr at Huntleigh Cres,8829,81.005,41.0,168.793,271.0,375.0,11.054,71.22,17.726
104522,Hillside Way at Hillside Crt,8802,147.002,113.0,178.718,357.0,475.0,5.033,62.009,32.958
104538,Van Horne Dr at Greystone Cres,8767,92.31,51.0,166.639,281.0,384.7,8.646,72.123,19.231
104543,Hugh Allan Dr at Howe Rd,8765,76.595,34.0,172.517,264.0,375.0,11.557,71.215,17.228
104528,Hugh Allan Dr at Howe Rd,8757,119.873,89.0,173.26,329.0,429.0,9.318,62.647,28.035
104527,Hugh Allan Dr at Harrison Way,8753,144.017,114.0,171.479,351.0,451.0,5.381,61.522,33.097
104539,Van Horne Dr at Hector Dr,8712,95.234,55.0,169.303,286.0,397.9,8.942,70.133,20.925
104544,Hugh Allan Dr at Harrison Way,8669,96.886,63.0,149.471,280.0,383.0,6.656,71.946,21.398
104547,Rogers Way at Rogers Pl,8654,84.346,50.0,152.363,272.7,370.35,9.487,70.73,19.783
104546,1200 Blk Rogers Way,8651,103.976,70.0,151.563,292.0,390.0,6.161,70.894,22.945
104525,Rogers Way at Hugh Allan Dr,8634,129.254,108.0,185.36,339.7,438.35,8.2,60.227,31.573
104422,Van Horne Dr at Aberdeen Dr,8614,86.646,36.0,179.832,290.0,415.35,8.776,72.719,18.505
104512,TRU Exch Bay F,8590,117.414,96.0,148.383,289.0,366.1,4.808,69.034,26.158
104548,Hillside Way at Hillside Crt,8452,102.305,71.0,154.029,292.0,395.0,7.3,69.948,22.752
104251,North Shore Exch Bay E,8389,181.149,150.0,190.455,413.2,514.0,4.256,52.295,43.45
104249,Tranquille Rd at 10th St,8360,145.215,116.0,187.508,370.0,467.0,9.007,54.617,36.376
151042,6th Ave at Nicola St,8359,100.06,76.0,104.608,203.2,284.0,0.084,87.008,12.908
104506,6th Ave at St Paul St,8358,115.007,102.0,107.191,228.0,301.0,0.108,85.152,14.74
104248,Tranquille Rd at 12th St,8353,144.363,114.0,183.59,361.0,458.4,7.782,56.626,35.592
104250,Tranquille Rd at 8th St,8346,127.936,100.0,185.913,347.5,448.0,11.107,56.326,32.566
104524,1200 Blk Rogers Way,8285,114.086,88.0,167.734,312.0,409.0,9.584,63.911,26.506
104523,Rogers Way at Braeview Pl,8280,139.946,113.0,166.019,336.0,434.0,5.374,62.331,32.295
104245,Tranquille Rd at Nicolani Dr,8236,160.675,131.0,183.207,377.0,474.0,5.61,55.16,39.23
151036,Tranquille Rd at Barrie Dr,8236,123.462,94.0,184.193,340.0,437.0,11.608,56.593,31.799
104243,Tranquille Rd at Holt St,8226,153.677,124.0,181.884,369.0,470.75,6.224,56.54,37.236
104254,Tranquille Rd at Yew St S,8206,208.644,180.0,200.951,457.0,569.0,4.131,45.942,49.927
104253,Tranquille Rd at Yew St N,8132,198.303,171.0,195.453,440.0,542.45,4.23,48.02,47.75
104237,Greenfield Ave at Windbreak St,8098,145.993,118.0,165.709,337.0,434.15,3.803,61.645,34.552
104236,Greenfield Ave at Westgate St,8096,135.82,108.0,161.363,322.0,412.0,4.545,63.599,31.855
104234,Fleetwood Ave at Schreiner St,8087,112.591,84.0,160.374,295.4,386.0,7.531,65.871,26.598
104244,Tranquille Rd at Singh St,8077,154.369,125.0,182.51,371.0,468.0,6.029,56.655,37.316
104235,Greenfield Ave at Schreiner St,8057,153.794,126.0,161.476,338.4,428.0,2.904,61.263,35.832
104210,North Shore Exch Bay C,8055,123.502,100.0,136.652,263.0,347.3,1.738,74.55,23.712
151040,Tranquille Rd at 8th St,8053,199.33,179.0,143.884,353.8,433.4,0.286,50.217,49.497
104212,Tranquille Rd at 10th St,8052,170.561,151.0,145.275,326.0,408.45,1.13,59.463,39.406
104215,Tranquille Rd at Nicolani Dr,8048,168.307,148.0,150.075,336.0,416.65,1.715,58.71,39.575
104216,Tranquille Rd at Singh St,8048,158.473,139.0,152.133,328.0,408.0,2.622,60.189,37.189
104214,Tranquille Rd at Valhalla Dr,8047,162.242,142.0,148.738,326.0,404.4,2.088,59.911,38.002
104209,Tranquille Rd at Vernon Ave,8044,92.566,70.0,134.838,231.0,308.0,5.147,78.481,16.372
104217,Tranquille Rd at Holt St,8043,156.235,137.0,154.771,329.0,410.0,3.307,59.965,36.728
104462,Hugh Allan Dr at Lodgepole Dr,8030,22.465,5.0,118.409,140.0,205.0,18.78,74.67,6.55
104226,Crestline St at Young Ave,8010,141.3,121.0,167.551,332.0,420.0,6.954,58.365,34.682
151034,Tranquille Rd at Desmond St,7942,163.353,134.0,184.178,378.0,484.95,4.747,55.679,39.574
104213,Tranquille Rd at 12th St,7901,173.989,154.0,147.55,335.0,416.0,1.266,57.55,41.185
104218,Tranquille Rd at Desmond St,7853,156.697,135.0,157.74,331.0,415.0,3.438,59.379,37.183
104537,600 Blk Aberdeen Dr,7758,102.92,58.0,167.458,293.0,399.0,5.504,73.962,20.534
104536,Aberdeen Dr at Drummond Crt,7629,81.641,34.0,165.873,268.0,375.0,7.354,74.964,17.683
104614,North Shore Exch Bay F,7601,20.713,8.0,160.081,167.0,277.0,17.208,73.582,9.209
104656,Seymour St at 8th Ave,7521,153.441,127.0,138.946,282.0,383.0,0.093,74.365,25.542
104657,Victoria St at 10th Ave,7518,146.077,120.0,135.709,276.0,373.0,0.213,75.712,24.076
104659,Battle St at Columbia St,7516,148.434,121.0,138.246,284.0,380.25,0.253,73.403,26.344
104655,Seymour St at 6th Ave,7515,147.571,119.0,138.949,283.0,371.0,0.053,75.689,24.258
104658,Battle St at 12th Ave,7514,137.975,110.0,136.334,273.0,367.0,0.16,76.857,22.984
104610,TRU Exch Bay C,7356,47.118,25.0,156.041,182.0,284.0,12.371,77.515,10.114
104535,Laurier Dr at Aberdeen Dr,7247,101.182,52.0,165.263,289.0,393.0,4.623,75.231,20.146
104389,Lansdowne Exch Bay F,6969,29.17,36.0,226.154,234.0,321.0,21.854,62.663,15.483
104341,Westsyde Rd at Oak Hills Blvd,6948,154.462,136.0,178.272,346.3,443.65,5.052,57.974,36.975
104238,Windbreak St at Sunnycrest Ave,6808,120.264,90.0,171.857,315.0,418.65,8.049,62.515,29.436
104381,North Shore Exch Bay B,6760,113.517,84.0,172.761,310.1,423.0,6.908,67.13,25.962
104706,6th Ave at St Paul St,6745,-1.312,-28.0,195.109,241.0,358.0,42.654,42.431,14.915
104348,Westsyde Rd at Porterfield Rd,6736,63.184,31.0,184.635,275.5,392.25,20.665,60.837,18.498
104367,Westsyde Rd at Parkview Dr,6717,117.673,81.0,175.099,314.4,435.0,6.789,68.349,24.862
104362,Westsyde Rd at Garnet Rd,6709,132.492,95.0,167.805,317.0,442.2,3.697,69.638,26.666
104361,Westsyde Rd at Bissette Rd,6707,146.144,111.0,163.401,329.0,443.0,2.624,68.391,28.985
104368,Westsyde Rd at Rue Chez Nous,6707,114.86,79.0,171.087,308.0,425.0,6.993,69.032,23.975
104364,Westsyde Rd at Morven Pl,6706,137.523,100.0,168.441,323.0,449.75,3.37,68.685,27.945
104365,Westsyde Rd at Agassiz Rd,6706,104.194,67.0,169.329,290.5,417.0,7.62,70.34,22.04
104359,Westsyde Rd at Palmer Pl,6705,146.859,110.0,161.758,326.0,439.0,2.356,69.142,28.501
104363,Westsyde Rd at Georgeann Rd,6705,137.546,103.0,164.737,323.0,436.0,3.4,68.874,27.726
104360,Westsyde Rd at Serle Rd,6704,150.217,113.0,166.431,332.0,455.0,2.402,67.512,30.087
104366,Westsyde Rd at Oak Hills Blvd,6704,109.984,72.0,169.48,297.0,421.0,6.802,70.376,22.822
104358,Westsyde Rd at Puhallo Dr,6702,139.732,102.0,165.48,322.9,446.95,3.044,69.785,27.171
104375,Westsyde Rd at Collingwood Dr,6701,89.799,53.0,185.555,302.0,432.0,15.072,63.558,21.37
104370,Westsyde Rd at McQueen Dr,6700,106.157,69.0,174.518,307.0,426.1,9.104,67.552,23.343
104373,Westsyde Rd at Walkem Rd,6700,124.449,88.0,174.809,326.0,446.05,6.97,66.104,26.925
104371,Westsyde Rd at Anderson Terr,6699,102.808,66.0,173.863,301.0,418.1,9.852,67.741,22.406
104374,Westsyde Rd at Westmount Dr,6698,105.308,68.0,179.501,314.0,434.0,10.54,66.318,23.141
104356,Bank Rd at Overlander Dr,6697,91.889,52.0,158.748,262.0,386.0,5.898,76.139,17.963
104357,Westsyde Rd at Dever Dr,6695,153.611,116.0,160.419,327.0,444.3,2.061,68.633,29.305
104372,Westsyde Rd at Yates Rd,6695,104.931,69.0,176.538,309.0,431.0,9.948,66.796,23.256
104369,Westsyde Rd at Woodhaven Dr,6682,99.803,63.0,173.414,297.0,413.0,10.192,68.168,21.64
104355,Sicamore Dr at Overlander Dr,6665,80.706,42.0,165.87,255.6,381.8,8.927,74.059,17.014
104349,Westsyde Rd at Jensen Rd,6655,45.402,13.0,183.175,256.0,370.0,25.304,58.122,16.574
104350,Westsyde Rd at Overlander Dr,6651,43.755,13.0,183.088,255.0,368.0,25.936,58.352,15.712
151041,6th Ave at Battle St,6651,10.56,-14.0,187.764,240.0,359.0,38.716,46.384,14.9
104354,Overlander Dr at Reemon Dr,6648,108.35,69.0,166.404,286.0,412.0,6.543,72.668,20.788
104351,Westsyde Rd at Sun Valley Dr,6643,45.484,18.0,183.294,253.0,370.0,24.928,58.994,16.077
104352,Harrington Rd at Westsyde Rd,6638,54.194,22.0,183.696,261.0,387.0,20.458,62.971,16.571
104346,Westsyde Rd at Bissette Rd,6570,73.365,45.0,174.141,275.0,372.0,17.915,62.085,20.0
104342,Westsyde Rd at Franklin Rd,6569,111.147,85.0,171.004,304.0,403.0,9.971,63.967,26.062
104344,Westsyde Rd at Soldier Rd,6567,98.07,73.0,171.144,291.0,391.0,11.908,64.306,23.786
104343,Westsyde Rd at Morven Dr,6566,94.119,68.5,171.085,288.0,385.0,13.311,63.418,23.271
104345,Westsyde Rd at Garnet Rd,6565,82.457,57.0,174.156,277.0,380.0,15.765,63.244,20.99
104385,Fortune Dr at Wood St,6389,126.089,97.0,172.431,328.0,444.0,6.996,64.298,28.706
104384,Fortune Dr at Aspen St,6388,112.984,81.0,171.084,315.3,422.0,8.594,65.294,26.111
104386,Fortune Dr at Spruce Ave,6387,137.718,109.0,174.837,344.4,457.7,6.56,62.079,31.361
104387,Fortune Dr at Leigh Rd,6382,119.493,90.0,175.649,329.0,440.0,8.916,63.366,27.719
104382,Fortune Dr at Holly Ave,6381,125.391,92.0,168.119,327.0,436.0,6.143,65.491,28.365
104383,Fortune Dr at Oak Rd,6378,142.423,112.0,170.267,344.3,454.15,5.033,62.841,32.126
104388,Fortune Dr at Larch Ave,6371,97.223,68.0,178.747,313.0,423.0,14.283,61.466,24.251
104333,Westsyde Rd at Collingwood Dr E,6310,172.056,147.0,171.86,357.0,461.0,2.948,57.227,39.826
104336,Westsyde Rd at Anderson Terr,6245,163.027,138.0,167.889,342.0,449.0,3.411,58.959,37.63
104338,Westsyde Rd at Woodhaven Dr,6244,163.946,140.0,168.932,346.0,455.85,3.443,58.824,37.732
104334,Westsyde Rd at Walkem Rd,6239,132.789,106.0,168.396,315.2,416.0,5.706,64.866,29.428
104337,Westsyde Rd at McQueen Dr,6227,153.847,128.0,167.581,339.0,439.0,3.902,61.571,34.527
104339,Westsyde Rd at Rue Chez Nous,6167,146.466,123.0,166.145,328.0,426.0,4.605,61.975,33.42
104332,Westsyde Rd at Westmount Dr,6160,151.952,128.0,162.412,329.0,427.05,3.393,62.468,34.14
104335,Westsyde Rd at Yates Rd,6160,149.378,123.0,165.319,330.0,428.05,3.961,62.614,33.425
104331,Westsyde Rd at Collingwood Dr W,6156,152.663,127.0,162.11,323.5,426.0,3.038,62.638,34.324
104479,Lansdowne Exch Bay D,5986,39.785,56.0,249.864,256.0,368.0,22.903,60.374,16.722
104340,Westsyde Rd at Parkview Dr,5935,136.299,109.0,165.421,321.0,420.0,5.476,63.69,30.834
104326,North Shore Exch Bay D,5824,145.603,123.0,137.563,288.0,371.85,0.79,70.261,28.949
104321,Fortune Dr at Spruce Ave,5814,110.431,88.0,124.996,236.0,321.35,1.41,81.476,17.114
104323,Fortune Dr at Aspen St,5814,112.923,92.0,128.383,245.0,330.0,2.253,79.274,18.473
104325,Fortune Dr at Holly Ave,5814,107.497,87.0,129.926,242.0,325.35,2.821,78.793,18.387
104319,Fortune Dr at Baker St,5750,103.204,79.0,120.273,224.0,307.55,1.374,83.496,15.13
104768,Battle St at 12th Ave,5529,77.344,47.0,202.138,303.0,419.6,21.794,55.905,22.301
104769,Victoria St at 10th Ave,5527,64.897,31.0,201.739,296.0,406.0,24.986,54.46,20.554
151049,Chief Eli Larue Way at Entrance Rd,5454,121.603,82.0,177.997,325.0,427.35,6.106,67.858,26.036
104412,Pacific Way at Pearson Pl,5447,71.297,54.0,200.242,252.0,349.7,13.494,68.093,18.414
104419,Abbeyglen Way at Bramble Lane,5439,107.539,75.0,149.656,255.0,359.0,4.174,76.595,19.231
104418,2500 Blk Pacific Way,5436,65.374,27.0,156.29,215.0,337.0,10.725,75.975,13.3
151047,Sweláps Market,5409,130.926,104.0,174.989,320.4,423.6,6.674,64.799,28.527
104494,Columbia St at 13th Ave,5317,99.261,82.0,136.203,265.0,346.0,7.316,71.713,20.97
104495,Columbia St at 12th Ave,5316,103.225,88.0,137.556,266.0,349.25,7.75,69.432,22.818
104500,Columbia St at 7th Ave,5309,81.246,69.0,151.106,260.0,337.6,15.144,63.364,21.492
104693,Flamingo Rd at Highland Rd,5255,113.736,84.0,146.174,271.6,368.3,3.749,74.386,21.865
104694,Hwy 1 at Industrial Rd,5254,107.663,76.0,146.956,269.0,367.7,4.206,74.629,21.165
104691,Highland Rd at Valleyview Dr,5253,80.993,51.0,144.911,237.8,339.0,7.596,75.614,16.79
104695,Falcon Rd at Oriole Rd,5253,123.81,93.0,150.515,292.0,388.4,3.293,71.826,24.881
104692,Highland Rd at Crescent Dr,5252,89.727,59.0,145.551,246.0,345.9,6.34,75.743,17.917
104697,1900 Blk Valleyview Dr,5252,160.506,133.0,155.665,337.0,436.0,1.98,63.024,34.996
104696,Oriole Rd at Glenwood Dr,5251,140.375,110.0,153.084,314.0,411.0,2.876,68.063,29.061
104699,Valleyview Dr at Knollwood Cres,5251,111.63,83.0,158.439,296.0,391.5,7.294,68.444,24.262
104698,Valleyview Dr at Knollwood Dr,5249,134.999,106.0,158.036,315.0,414.0,4.02,66.794,29.187
104701,Valleyview Dr at Hwy 1,5249,112.55,84.0,161.067,299.0,396.6,7.544,67.727,24.729
104413,Pacific Way at Howe Rd,5247,80.937,52.0,168.571,250.0,353.0,13.379,69.259,17.362
104415,Pacific Way at Greystone Cres,5247,44.566,18.0,173.328,220.0,327.1,23.976,63.065,12.96
104414,Pacific Way at Ravenwood Terr,5242,66.782,37.5,168.573,239.9,332.95,16.673,67.436,15.891
104416,Pacific Way at Links Way,5228,33.61,8.0,170.087,206.0,312.65,27.066,60.807,12.127
104700,Valleyview Dr at Strom Rd,5187,131.978,104.0,160.046,316.0,417.0,4.608,66.59,28.803
104517,Notre Dame Dr at Laval Cres,5137,145.278,117.0,152.417,294.0,426.4,1.226,72.046,26.728
104518,Notre Dame Dr at Hillside Cemetery,5136,152.583,126.0,155.519,301.0,433.0,1.012,68.419,30.569
104520,Notre Dame Dr at Dalhousie Dr,5136,159.159,129.0,158.216,314.0,453.0,0.993,66.53,32.477
104519,800 Blk Notre Dame Dr,5135,126.142,99.0,155.075,276.0,414.6,2.59,74.761,22.648
104521,Notre Dame Dr at Hillside Dr,5134,134.738,102.0,163.261,291.0,439.0,2.279,71.913,25.808
104427,Pacific Way at Greystone Cres,5067,107.049,78.0,156.816,251.0,353.4,4.835,76.1,19.065
104481,Columbia St at 5th Ave,5066,58.767,34.0,198.657,304.5,410.0,29.491,49.704,20.805
104411,Pacific Way at Hugh Allan Dr,5046,114.406,87.0,161.952,279.0,379.0,6.223,69.699,24.078
151013,Mt Paul Way at Carrier St,4982,84.352,57.0,171.082,268.0,356.95,12.264,68.306,19.43
104277,Halston Ave at 13th St,4944,147.834,132.0,186.397,342.0,441.85,4.996,58.718,36.286
151046,Aberdeen Dr at Abbeyglen Way,4896,117.72,100.0,120.956,254.0,311.0,2.41,75.797,21.793
104554,Notre Dame Dr at Columbia St W,4886,52.304,38.0,135.254,208.0,282.0,17.847,68.502,13.651
104430,Pacific Way at Pearson Pl,4881,22.28,4.0,123.258,172.0,231.0,23.766,67.261,8.974
104429,Pacific Way at Howe Rd,4880,53.89,37.0,121.016,196.0,251.05,12.52,75.389,12.09
104516,Notre Dame Dr at Columbia St W,4876,97.779,79.0,115.928,214.0,286.0,1.825,82.404,15.771
104428,Pacific Way at Ravenwood Terr,4875,64.684,49.0,118.309,199.0,253.3,9.621,77.682,12.697
104681,Churchill Ave at Capilano Dr,4836,59.827,31.0,126.892,211.0,290.0,9.657,77.605,12.738
104309,12th St at Selkirk Ave,4811,145.842,111.0,177.192,347.0,454.0,3.908,64.623,31.47
151003,Victoria St at 8th Ave,4811,45.077,13.0,198.591,270.0,378.5,29.516,52.733,17.751
104306,Parkcrest Ave at Ollek St,4809,145.647,111.0,172.622,341.0,440.6,3.41,66.064,30.526
104305,Parkcrest Ave at Singh St,4806,166.872,130.0,176.159,366.0,471.0,1.914,61.194,36.891
104304,Parkcrest Ave at Holt St,4805,137.904,104.0,169.785,329.6,432.0,3.704,67.305,28.991
104302,Fleetwood Ave at Desmond St,4801,141.975,105.0,167.084,326.0,426.0,2.312,68.111,29.577
104300,Southill St at Parkcrest Ave,4799,134.08,98.0,165.189,316.0,411.1,2.501,70.723,26.776
104303,Fleetwood Ave at Holt St,4799,136.225,100.0,171.207,328.2,429.1,3.417,67.847,28.735
104299,Parkcrest Ave at Ponlen St,4798,114.806,76.0,168.637,303.0,402.0,5.19,71.175,23.635
104298,Parkcrest Ave at Windbreak St,4796,136.695,99.0,164.654,321.0,418.0,2.314,70.767,26.918
104664,Valleyview Dr at Cardinal Dr,4794,100.283,74.0,142.794,250.0,337.0,3.859,78.223,17.918
104663,Valleyview Dr at Orchard Dr,4792,104.933,76.0,141.686,246.9,339.45,2.442,78.965,18.593
104662,Valleyview Dr at Knollwood Cres,4791,119.026,92.0,140.123,261.0,350.5,1.899,77.145,20.956
104665,Oriole Rd at Glenwood Dr,4791,100.102,73.0,143.141,251.0,332.5,3.799,78.314,17.888
104301,Fleetwood Ave at Southill St,4790,120.946,82.0,169.813,309.0,412.0,4.864,69.916,25.219
104660,Valleyview Dr at Rose Hill Rd,4790,118.58,93.0,140.126,258.0,346.0,1.545,77.724,20.731
104661,Valleyview Dr at Comazzetto Rd,4789,99.22,73.0,140.021,241.2,328.0,2.986,79.683,17.331
104666,Falcon Rd at Oriole Rd,4789,106.968,80.0,141.139,250.2,337.8,3.383,77.219,19.399
104816,Dunrobin Dr at Abbeyglen Way,4789,57.019,38.0,114.983,188.0,247.0,9.188,79.578,11.234
104667,Hwy 1 at Industrial Dr,4787,128.057,101.0,142.944,278.0,366.0,1.817,74.326,23.856
104669,Highland Rd at Crescent Dr,4787,163.33,136.0,144.617,318.4,406.0,0.585,64.905,34.51
104297,Parkcrest Ave at McLean St,4785,110.782,72.0,167.255,301.6,400.0,5.162,71.954,22.884
104551,Notre Dame Dr at Dalhousie Dr,4785,38.5,23.0,127.604,180.0,250.0,19.31,70.7,9.99
104553,Notre Dame Dr at Laval Cres,4785,22.932,8.0,128.562,167.0,240.0,24.326,66.855,8.819
104668,Flamingo Rd at Highland Rd,4785,132.613,106.0,143.486,284.0,373.6,1.588,72.894,25.517
104552,Notre Dame Dr at Hillside Cemetery,4784,35.256,19.0,129.007,187.0,254.85,21.07,68.102,10.828
104308,12th St at Pembroke Ave,4780,155.142,118.0,181.739,361.0,471.0,3.724,61.778,34.498
104817,Dunrobin Dr at Bentall Dr,4779,55.655,36.0,115.414,188.2,245.1,9.228,79.724,11.048
104307,Halston Ave at 13th St,4775,127.902,93.0,173.846,324.0,427.0,5.236,67.602,27.162
104846,Pacific Way at Links Way,4769,111.112,95.0,117.071,245.2,301.6,2.663,77.018,20.319
104296,Parkcrest Ave at Schreiner St,4768,128.397,90.5,162.616,310.0,405.65,2.412,72.567,25.021
104410,Pacific Way at Hillside Dr,4747,105.157,88.0,125.714,254.0,315.7,4.866,73.246,21.888
104295,Schreiner St at Paulsen Pl,4730,114.448,74.0,167.799,305.1,404.55,4.038,72.41,23.552
104280,Parkcrest Ave at Holt St,4721,140.25,117.0,166.48,327.0,430.0,4.935,62.868,32.197
104279,Parkcrest Ave at Singh St,4717,154.74,130.0,161.004,334.0,432.2,2.29,63.197,34.513
104278,Parkcrest Ave at Nicolani Dr,4716,136.41,113.0,161.864,317.0,415.25,4.389,64.864,30.746
104287,Parkcrest Ave at McLean St,4709,113.386,85.0,172.467,309.2,411.2,9.726,63.899,26.375
104289,Parkcrest Ave at Schreiner St,4706,93.38,66.0,172.75,293.0,388.0,13.387,64.173,22.439
104281,Fleetwood Ave at Holt St,4705,166.331,142.0,164.083,351.0,448.0,1.977,59.702,38.321
104290,Schreiner St at Fleetwood Ave,4705,75.414,50.0,178.26,281.0,376.8,18.789,60.808,20.404
104285,Parkcrest Ave at Ponlen St,4704,143.278,116.0,169.412,335.0,440.85,4.911,62.649,32.44
104286,Parkcrest Ave at Windbreak St,4704,132.011,103.0,171.273,327.0,428.0,6.76,63.265,29.974
104282,Fleetwood Ave at Desmond Pl,4703,138.32,115.0,165.0,324.0,420.9,4.699,63.959,31.342
104294,Briarwood Ave at Crestline St,4700,124.374,85.0,161.982,304.1,403.05,2.17,73.638,24.191
104284,Parkcrest Ave at Bentley Pl,4697,134.269,106.0,170.682,328.0,430.2,5.897,63.487,30.615
104312,Cottonwood Ave at Kenora Rd,4692,155.043,120.0,183.15,368.0,468.9,4.199,60.848,34.953
104317,MacKenzie Ave at Williams St,4692,120.133,85.0,191.149,341.9,445.45,11.147,60.337,28.517
104283,Fleetwood Ave at Southill St,4691,136.155,110.0,166.285,327.0,418.0,4.818,65.189,29.994
151043,12th St at Barrie Dr,4691,154.039,119.0,180.465,360.0,466.0,3.667,62.353,33.98
104292,Crestline St at Parkcrest Ave,4690,134.66,95.0,160.496,315.1,414.55,1.557,72.154,26.29
104311,Kenora Rd at 12th St,4690,146.43,115.0,182.635,351.1,457.0,5.544,61.663,32.793
104293,Crestline St at Rosewood Ave,4689,96.169,55.0,161.785,274.2,376.0,4.798,75.155,20.047
151033,Willow St at Cottonwood Ave,4687,125.921,93.0,184.38,331.8,437.0,8.662,62.492,28.846
104316,MacKenzie Ave at Thrupp St,4686,145.846,112.0,189.183,363.0,467.75,6.637,59.795,33.568
104313,Cottonwood Ave at Willow St,4684,126.754,91.0,184.673,340.0,443.7,8.561,62.639,28.8
104315,Willow St at MacKenzie Ave,4676,156.409,124.0,185.714,366.0,471.5,4.833,59.453,35.714
104648,Raven Dr at Grasslands Blvd,4617,54.376,19.0,168.366,199.4,350.0,13.147,75.655,11.198
104241,Tranquille Rd at Mayfair St,4543,127.848,96.0,168.399,322.0,413.9,5.899,63.57,30.53
151004,Columbia St at 3rd Ave,4440,100.111,66.0,192.978,342.0,464.0,15.383,58.041,26.577
104394,700 Blk Sahali Terr,4362,112.839,93.0,119.812,237.0,307.0,1.628,78.359,20.014
104239,Tranquille Rd at Windbreak St,4356,114.354,85.0,159.492,299.0,382.0,7.254,65.129,27.617
104910,McGill Rd at Bestwick Dr,4353,110.796,92.0,119.756,238.0,308.0,1.815,78.429,19.756
104399,McGill Rd at Chapperon Dr,4352,73.265,54.0,125.65,212.0,282.45,8.847,77.229,13.925
104400,McGill Rd at Columbia St W,4352,58.912,37.5,127.368,195.0,268.35,11.328,76.838,11.834
104397,McGill Rd at Monashee Crt,4351,104.752,86.0,126.373,245.0,313.0,4.666,75.27,20.064
104396,Bestwick Dr at Anvil Cres,4349,112.59,92.0,119.57,239.0,308.6,1.518,78.271,20.212
104449,Sahali Terr at Columbia St W,4349,119.117,85.0,187.088,352.2,474.0,10.692,60.382,28.926
104398,200 Blk McGill Rd,4348,85.674,67.0,126.109,225.0,295.0,6.647,77.369,15.984
104445,McGill Rd at Bestwick Dr,4348,113.842,80.0,183.084,342.0,455.0,11.684,60.787,27.53
104395,Sahali Terr at Pemberton Terr,4347,131.196,110.0,118.865,259.4,329.7,0.506,74.327,25.167
104443,200 Blk McGill Rd,4343,134.429,101.0,179.437,356.0,465.9,7.852,61.11,31.038
104444,McGill Rd at Monashee Crt,4342,138.34,105.0,184.545,368.0,480.85,8.521,59.466,32.013
104446,Bestwick Dr at Greenstone Dr,4342,135.497,102.0,186.916,370.0,482.85,9.351,58.752,31.898
104441,McGill Rd at Columbia St W,4339,169.861,136.0,177.698,390.2,497.0,3.872,57.087,39.041
104442,McGill Rd at Chapperon Dr,4338,153.183,120.0,178.149,373.0,484.3,5.325,59.106,35.569
104447,Bestwick Dr at Sahali Terr,4338,108.751,74.0,186.165,344.0,455.15,13.024,59.728,27.248
104448,Sahali Terr at Pemberton Terr,4338,88.332,56.0,189.134,327.0,445.15,17.52,57.515,24.965
104220,Tranquille Rd at Caroline St,4313,151.536,130.0,161.715,335.8,420.8,4.336,59.61,36.054
104219,Tranquille Rd at Southill St,4311,140.745,118.0,159.271,319.0,406.0,5.01,61.703,33.287
104271,Cottonwood Ave at Kenora Rd,4283,146.565,121.0,151.964,304.8,408.0,1.868,67.243,30.89
104272,Kenora Rd at 12th St,4280,136.523,110.5,150.614,296.0,390.0,2.57,69.65,27.78
104275,12th St at Pembroke Ave,4279,142.516,118.0,153.917,312.0,412.1,3.085,66.347,30.568
104276,12th St at Halston Ave,4278,157.945,134.0,152.393,325.3,422.0,1.917,63.207,34.876
104274,12th St at Selkirk Ave,4277,156.931,130.0,150.628,325.0,419.0,1.777,64.04,34.183
104268,MacKenzie Ave at Willow St,4276,160.859,134.0,143.071,312.5,408.0,0.795,65.154,34.051
104273,12th St at Tranquille Rd,4275,146.248,122.0,151.411,314.0,413.0,2.409,66.596,30.994
104269,Willow St at Stewart Ave,4274,140.609,114.0,141.838,288.0,383.35,1.193,70.964,27.843
104270,Cottonwood Ave at Willow St,4273,129.184,103.0,143.271,281.0,379.0,2.293,72.642,25.064
104267,MacKenzie Ave at Maple St,4261,142.176,117.0,139.125,285.0,380.0,0.892,71.626,27.482
104266,Yew St at Tranquille Rd,4256,158.661,132.0,141.403,308.0,403.25,0.705,67.035,32.26
104471,Copperhead Dr at Kryczka Pl,4122,115.032,96.0,123.996,240.0,304.0,1.48,78.554,19.966
104472,Copperhead Dr at Versatile Dr,4121,83.976,65.0,123.516,209.0,275.0,4.683,81.485,13.832
104747,BC Wildlife Park,4118,39.896,20.0,237.069,244.0,349.0,13.842,70.617,15.542
104569,Grandview Terr at Garden Terr,4116,134.073,101.0,188.658,365.0,500.0,9.84,58.017,32.143
104461,Copperhead Dr at Kryczka Pl,4114,32.636,12.0,118.495,157.0,221.0,16.091,76.373,7.535
104460,Copperhead Dr at Iron Mask Rd,4112,58.929,37.0,117.564,182.0,244.0,7.053,82.685,10.263
104458,1800 Blk Hillside Dr,4110,79.519,59.0,115.906,199.0,260.55,2.968,84.55,12.482
104459,Hillside Dr at Copperhead Dr,4110,55.94,34.0,115.996,174.1,235.55,7.056,83.504,9.44
104470,Copperhead Dr at Hugh Allan Dr,4110,70.263,50.0,122.773,194.0,257.0,6.667,81.922,11.411
104455,Hillside Dr at Mt Dufferin Ave,4109,88.811,68.0,110.57,210.0,272.0,1.728,84.911,13.361
104457,Hillside Dr at Mt Dufferin Dr,4108,105.989,86.0,110.273,224.3,287.65,0.876,82.644,16.48
104454,Hillside Dr at Pacific Way,4107,119.571,98.0,109.582,237.4,300.0,0.292,80.229,19.479
104469,Copperhead Dr at Lodgepole Dr,4107,71.864,54.0,125.548,199.0,265.7,7.548,80.131,12.32
104435,Hillside Dr at McGill Rd,4105,47.035,26.0,143.467,212.0,290.0,20.658,66.017,13.325
104456,Hillside Dr at Monterey Pl,4105,83.511,63.0,109.633,202.0,263.6,2.339,85.164,12.497
104570,Grandview Terr at Dalgleish Dr,4104,135.64,101.0,188.528,369.7,498.85,9.43,58.138,32.432
104575,Battle St W at Lee Rd,4101,57.543,22.0,191.53,296.0,430.0,25.774,54.645,19.581
104468,Lodgepole Dr at Snowberry Cres,4100,65.729,47.0,120.792,185.0,248.05,7.024,82.39,10.585
104573,Strathcona Terr at Hemlock St,4100,145.285,111.5,194.256,386.0,520.05,9.024,56.39,34.585
104467,Lodgepole Dr at Arnica St,4099,43.693,25.0,119.532,161.0,222.1,12.125,79.849,8.026
104571,Centre Ave at Battle St W,4099,125.143,90.0,189.025,358.0,492.1,11.271,58.429,30.3
104576,Battle St at 1st Ave,4099,39.217,4.0,193.567,282.2,414.2,30.764,51.232,18.004
104572,Lombard St at Centre Ave,4094,119.921,84.5,191.599,359.0,491.0,11.553,59.135,29.311
104466,Lodgepole Dr at Englemann Crt,4093,68.758,49.0,118.857,183.0,251.0,5.888,83.655,10.457
104574,Strathcona Terr at Battle St W,4092,112.052,76.0,192.237,350.9,485.0,13.563,58.456,27.981
104567,Grandview Terr at Dalgleish Dr,3990,85.316,64.0,132.528,237.0,317.1,7.719,75.514,16.767
104568,Grandview Terr at Dufferin Terr,3989,59.269,39.0,132.947,212.2,289.6,13.487,73.226,13.287
104561,Battle St W at 1st Ave,3986,135.4,113.0,124.331,276.0,364.0,0.677,73.934,25.389
104562,Battle St W at Lee Rd,3986,122.194,99.0,120.652,252.0,340.0,0.928,78.149,20.923
104560,Battle St at 3rd Ave,3985,120.882,97.0,119.334,250.0,347.0,0.402,80.427,19.172
104566,Centre Ave at Battle St W,3985,81.689,65.0,135.63,235.0,315.0,9.937,73.501,16.562
104564,Strathcona Terr at Hemlock St,3983,72.747,52.0,128.814,214.8,294.0,8.486,78.007,13.507
104565,Lombard St at Centre Ave,3972,71.042,47.0,127.821,214.0,289.0,8.056,78.021,13.922
104563,Strathcona Terr at Battle St W,3962,96.794,77.0,129.362,240.0,323.0,4.922,77.966,17.113
151029,Sun Rivers Dr at Talasa Way,3855,119.465,89.0,179.275,315.6,406.0,7.549,66.641,25.811
104489,Fraser St at 9th Ave,3631,103.053,84.0,146.303,262.0,344.5,6.197,73.644,20.16
104613,McGill Rd at Concordia Way,3538,169.155,143.0,131.692,310.3,398.0,0.17,64.895,34.935
104611,McGill Rd at McGill Pl,3536,181.393,155.0,129.781,320.0,400.5,0.113,60.747,39.14
104617,McGill Rd at McGill Pl,3519,-24.184,-46.0,123.563,81.0,183.1,42.455,52.515,5.03
104615,McGill Rd at Concordia Way,3515,-10.89,-32.0,122.92,92.0,194.6,35.078,59.459,5.462
104743,7500 Blk Dallas Dr,3164,93.245,58.0,183.149,300.0,422.0,14.064,62.769,23.167
104485,7th Ave at Munro St,3065,117.381,101.0,124.597,247.6,320.4,2.088,76.085,21.827
104486,6th Ave at Cowan St,3024,129.975,110.0,123.697,265.0,350.85,1.885,74.107,24.008
104487,Fraser St at Tunstall Cres,3024,108.802,90.5,119.432,252.0,322.85,3.108,77.183,19.709
104488,Fraser St at Fraser Cres,3012,118.127,100.0,119.102,256.9,329.0,3.121,75.133,21.746
104484,7th Ave at Pine St,2954,114.616,97.5,115.145,257.0,323.35,2.404,77.319,20.278
104483,7th Ave at Columbia St,2948,116.951,104.0,111.059,245.0,314.0,1.594,76.967,21.438
104497,Battle St at 11th Ave,2877,129.044,111.0,122.071,279.0,357.4,1.842,72.089,26.069
104496,11th Ave at Columbia St,2876,101.677,82.0,120.526,249.5,332.0,3.72,76.773,19.506
104493,13th Ave at Pine St,2873,134.062,117.0,117.453,275.8,353.0,1.74,71.18,27.08
104498,Battle St at 9th Ave,2873,116.56,98.0,123.821,269.8,350.4,3.028,73.025,23.947
104492,Pine St at 11th Ave,2872,83.3,66.0,115.089,223.0,301.0,5.641,78.969,15.39
104490,Fraser St at McMurdo Dr,2870,77.293,59.0,113.574,211.0,292.55,6.202,80.348,13.449
104491,11th Ave at Douglas St,2870,112.076,94.0,114.278,248.1,327.55,2.16,77.456,20.383
104499,7th Ave at Battle St,2865,111.623,94.0,126.244,268.6,347.0,3.944,72.6,23.455
104725,Todd Rd at Pringle Rd,2829,111.681,76.0,166.289,295.0,395.2,6.363,69.141,24.496
104729,Todd Rd at Sunrise Dr,2829,121.785,86.0,169.965,315.2,418.6,6.398,66.914,26.688
104730,Todd Rd at Lamar Dr,2829,137.61,99.0,175.259,341.2,446.6,5.09,65.041,29.869
104731,Todd Rd at Klahanie Dr,2829,127.835,89.0,172.16,323.2,435.8,6.327,65.5,28.172
104717,Todd Rd at Sunrise Dr,2828,98.196,66.0,160.602,269.0,367.65,7.885,71.358,20.757
104728,Todd Rd at Lamar Dr,2828,135.24,98.0,174.07,333.0,440.95,5.233,65.382,29.385
104732,Todd Rd at Dallas Dr,2828,141.039,102.0,177.922,352.3,456.0,5.198,63.579,31.223
104716,Todd Rd at Lamar Pl,2827,94.972,64.0,159.317,267.4,368.0,7.322,72.409,20.269
104723,Clearview Dr at Todd Rd,2827,102.059,67.0,165.078,281.0,387.1,7.393,70.287,22.32
104726,Todd Rd at Pratt Rd,2827,101.958,66.0,167.766,289.8,395.1,8.808,68.058,23.134
104727,1400 Blk Todd Rd,2827,138.424,103.0,168.989,325.0,430.7,4.209,66.395,29.395
104715,Todd Rd at Klahanie Dr,2826,101.957,68.0,158.688,270.0,368.0,6.228,72.611,21.161
104714,Todd Rd at Dallas Dr,2825,102.075,67.0,159.345,274.0,372.0,5.451,73.416,21.133
104719,Lamar Dr at Norland Dr,2825,127.514,95.0,161.591,305.6,407.8,3.965,69.947,26.088
104718,Lamar Dr at Todd Rd,2824,107.676,76.0,161.653,283.7,387.0,5.666,71.388,22.946
104724,Todd Rd at Belair Dr,2824,81.529,48.0,166.211,264.7,369.85,12.535,67.564,19.901
104720,Clearview Dr at Wildwood Dr,2823,102.367,69.0,162.372,279.0,382.8,7.049,70.917,22.033
104721,Clearview Dr at Belair Dr,2823,95.494,61.0,163.875,275.8,377.0,8.395,70.422,21.183
104722,Clearview Dr at Foxwood Lane,2823,75.275,41.0,164.119,253.0,355.0,13.425,68.119,18.456
104766,Valleyview Dr at Park Dr,2797,110.82,80.0,156.967,276.0,387.4,4.29,73.936,21.773
104760,Hwy 1 at Nina Pl,2795,105.518,84.0,153.298,258.0,353.5,5.224,76.351,18.426
104765,Valleyview Dr at River Rd,2795,126.008,98.0,156.044,287.6,405.3,3.256,73.238,23.506
104767,Battle St at 14th Ave,2795,56.151,26.0,175.784,247.6,370.2,22.755,60.465,16.78
104762,Valleyview Dr at Tanager Dr,2794,110.724,81.0,153.457,268.7,387.0,3.722,75.089,21.188
104763,Valleyview Dr at McKay Pl,2794,133.306,105.0,154.461,288.7,411.35,2.255,72.334,25.412
104764,Valleyview Dr at MacAdam Rd,2794,107.477,74.0,155.458,273.0,384.35,4.152,74.839,21.009
104832,Valleyview Dr at Sunset Lane,2794,85.88,53.5,152.697,245.7,357.0,6.335,77.201,16.464
151022,Grand Blvd at Valleyview Dr,2783,74.851,40.0,151.519,232.8,341.8,7.474,77.219,15.307
151020,Shuswap Rd W at Ricardo Rd,2730,189.623,154.0,196.033,396.0,505.0,2.271,55.092,42.637
151012,Mt Paul Way at Chilcotin Rd,2729,88.126,65.0,170.999,277.0,372.0,14.181,64.822,20.997
151027,Chilcotin Rd at Tagish St,2724,179.439,151.0,192.08,388.0,496.55,3.194,55.617,41.189
151019,George Campbell Way at Kamloopa Way,2717,171.22,140.0,184.664,368.4,470.0,2.576,60.25,37.173
151018,Kamloopa Way at Mohawk Cres,2712,130.249,98.0,181.917,328.0,420.0,6.158,65.929,27.913
151017,700 Blk Kamloopa Way,2708,110.729,76.0,188.167,305.3,403.0,9.343,66.617,24.04
104671,Qu'Appelle Blvd at Stikine St,2682,33.18,44.0,254.796,236.9,312.95,10.589,73.863,15.548
151016,200 Blk Chilcotin Rd,2672,118.365,81.5,184.89,308.0,410.0,7.485,67.29,25.225
151014,600 Blk Athabasca St W,2588,84.923,52.0,167.058,258.3,352.0,9.544,72.102,18.354
104711,Valleyview Dr at McKay Pl,2570,143.202,110.5,166.786,317.0,428.1,2.412,68.444,29.144
151023,Valleyview Dr at Grand Blvd,2570,169.723,137.0,167.567,342.0,454.0,1.44,62.763,35.798
104707,Valleyview Dr at Highland Rd,2569,138.988,107.0,160.618,297.0,395.0,2.102,70.066,27.832
104708,Valleyview Dr at Miller Pl,2569,169.968,138.0,162.36,332.2,436.6,0.74,63.488,35.773
104710,Valleyview Dr at MacAdam Rd,2569,118.932,87.0,165.277,288.2,394.6,4.321,71.818,23.861
104709,Valleyview Dr at River Rd,2567,140.858,109.0,163.746,306.0,416.7,2.259,69.692,28.048
151024,Valleyview Dr at Tanager Dr,2567,163.914,130.0,167.699,338.4,449.1,1.325,64.745,33.931
104653,Batchelor Dr at North River Dr,2566,95.731,46.0,212.231,295.5,503.75,12.159,69.135,18.706
151025,Valleyview Dr at Sonora Blvd,2566,142.026,108.0,168.338,319.5,431.0,2.533,68.316,29.15
151011,2000 Blk Grasslands Blvd,2556,121.949,75.0,198.442,307.5,537.25,5.086,74.883,20.031
104649,Batchelor Dr at Grasslands Blvd,2552,124.226,81.0,197.157,300.9,503.45,4.898,74.412,20.69
151010,Grasslands Blvd at Stagecoach Dr,2543,99.142,51.0,199.439,290.4,496.0,8.376,74.243,17.381
104647,Quail Dr at Quail Crt,2536,80.36,41.0,186.419,256.0,427.25,11.909,73.541,14.55
104646,Quail Dr at Quails Roost Dr,2535,77.578,36.0,182.447,247.0,427.9,11.4,74.28,14.32
104390,4th Ave at Seymour St,2534,115.297,90.0,113.422,246.7,316.35,0.039,83.899,16.062
104644,Batchelor Dr at Norview Rd,2532,139.963,100.0,176.519,304.9,473.9,1.224,76.185,22.591
104642,Linthorpe Rd at Southview Terr,2531,110.314,73.0,170.911,277.0,437.0,2.45,80.561,16.989
104643,Linthorpe Rd at Hillcrest Ave,2529,129.778,92.0,169.698,293.2,443.2,1.463,78.134,20.403
104641,Southview Terr at Hillcrest Ave,2528,125.476,88.0,169.057,288.0,442.25,1.622,79.153,19.225
104909,Batchelor Dr at North River Dr,2523,110.752,79.0,166.991,272.0,408.6,3.052,79.826,17.122
104392,4th Ave at Nicola St,2519,123.209,102.0,116.949,248.2,321.2,0.437,80.548,19.015
151008,Doubletree Cres at Latigo Dr,2503,92.154,48.0,183.413,253.6,441.9,6.952,77.787,15.262
104651,North River Dr at Norview Rd,2499,107.935,66.0,193.298,287.2,462.3,6.563,74.91,18.527
104652,North River Dr at Leighton Pl,2497,97.084,55.0,195.489,274.0,455.0,8.61,74.089,17.301
151007,Saddleback Dr at Latigo Dr,2497,85.014,45.0,174.819,243.0,406.0,6.768,78.895,14.337
104650,Norview Rd at Norview Pl,2496,81.191,40.0,194.75,257.5,436.25,11.699,72.837,15.465
151005,2000 Blk Saddleback Dr,2484,72.83,28.5,182.87,241.0,428.55,9.541,76.852,13.607
104645,Grasslands Blvd at Quail Dr,2475,104.269,71.0,171.938,260.0,405.7,5.616,77.576,16.808
151009,Stagecoach Dr at Saddleback Dr,2474,99.26,58.0,184.577,268.7,449.15,6.508,77.243,16.249
104625,Old Highway 5 at Tod Mountain Rd,2459,56.227,47.0,213.313,252.2,356.2,16.226,65.108,18.666
104689,Qu'Appelle Blvd at Highland Rd,2454,115.352,89.0,124.804,263.7,342.0,1.874,77.262,20.864
104679,Qu'Appelle Blvd at Adams Ave,2453,50.163,22.0,125.994,203.8,278.0,12.678,74.888,12.434
104678,Qu'Appelle Blvd at Nechako Dr,2452,71.058,42.0,127.841,226.0,302.9,7.178,77.692,15.131
104680,Qu'Appelle Blvd at Capilano Dr,2452,72.409,47.5,126.539,222.0,307.0,7.626,77.773,14.6
104673,2100 Blk Skeena Dr,2451,95.207,66.0,125.446,250.0,331.0,3.427,78.703,17.87
104674,2200 Blk Skeena Dr,2451,70.213,39.0,127.424,226.0,303.5,6.283,78.376,15.341
104677,Qu'Appelle Blvd at Abitibi Ave,2451,82.361,57.0,129.073,234.0,317.0,7.466,75.969,16.565
104672,Coldwater Dr at Skeena Dr,2450,70.904,41.0,125.155,227.0,305.0,5.633,79.959,14.408
104686,Qu'Appelle Blvd at Bella Coola Crt,2450,95.002,65.0,124.185,246.0,321.0,3.184,79.388,17.429
104687,Qu'Appelle Blvd at Finlay Ave,2450,121.78,93.0,125.739,275.1,351.55,1.714,76.163,22.122
104688,2200 Blk Qu'Appelle Blvd,2450,92.148,64.0,124.175,242.0,313.65,3.837,79.306,16.857
104685,Qu'Appelle Blvd at Nechako Dr,2449,125.709,96.0,126.352,282.2,358.0,1.511,75.214,23.275
104675,Finlay Ave at Omineca Dr,2448,51.373,18.0,126.319,207.3,283.3,11.724,75.613,12.663
104676,Qu'Appelle Blvd at Finlay Ave,2448,70.481,39.5,127.834,224.0,300.65,7.108,77.655,15.237
104682,Capilano Dr at Qu'Appelle Blvd,2447,107.828,77.0,124.362,256.0,335.0,2.289,78.259,19.452
104683,Qu'Appelle Blvd at Capilano Dr,2447,75.882,46.0,124.363,224.4,307.7,5.19,80.548,14.262
104684,Qu'Appelle Blvd at Adams Ave,2447,105.367,75.0,124.431,254.0,332.7,2.37,78.504,19.125
104391,4th Ave at Battle St,2446,123.574,105.0,113.575,246.5,310.75,0.286,82.747,16.966
104702,Columbia St at Nicola St,2444,81.461,59.0,145.48,261.7,349.85,10.843,70.172,18.985
104703,Columbia St at 10th Ave,2444,34.144,10.0,148.71,215.0,309.0,24.141,62.234,13.625
104704,Columbia St at 8th Ave,2441,27.688,2.0,150.897,218.0,299.0,26.915,59.853,13.232
151006,Saddleback Dr at Stagecoach Dr,2396,52.454,22.0,151.187,183.0,304.25,11.895,77.922,10.184
104736,Dallas Dr at Todd Hill Cres E,2394,164.295,133.0,188.925,377.0,502.4,5.973,56.224,37.803
104737,Dallas Dr at Mountview Dr,2394,158.31,127.0,185.505,361.7,485.35,5.806,57.769,36.424
104735,Dallas Dr at Todd Hill Cres W,2393,164.233,130.0,184.816,373.8,496.4,4.931,57.71,37.359
104733,Dallas Dr at Bogetti Rd,2392,162.537,131.0,185.822,370.0,498.45,4.682,58.487,36.831
104734,Dallas Dr at Ridge Rd,2392,157.444,127.0,183.291,363.0,483.9,5.1,59.072,35.828
104738,Dallas Dr at Yarrow Pl,2392,133.417,102.0,186.163,339.0,461.0,8.737,59.908,31.355
104739,6700 Blk Dallas Dr,2392,121.148,88.5,187.074,337.9,460.45,10.117,61.873,28.01
104741,7300 Blk Dallas Dr,2391,89.613,56.0,186.869,302.0,421.0,16.813,60.017,23.17
104742,Dallas Dr at O'Connor Rd,2391,100.131,68.0,184.189,311.0,433.0,13.844,60.895,25.261
104740,7100 Blk Dallas Dr,2390,118.457,86.0,183.305,326.0,449.0,10.837,61.381,27.782
104884,Dallas Dr at Harper Rd,2390,172.505,140.0,188.798,391.0,515.55,4.812,55.941,39.247
104501,Ponderosa Lodge,2364,138.041,123.0,135.227,297.0,377.7,2.453,67.301,30.245
151035,Interior Health,2362,132.453,114.0,142.677,307.9,388.85,4.53,65.411,30.059
151021,1000 Blk Ricardo Rd,2349,208.41,176.0,199.993,414.0,518.2,1.575,49.638,48.787
104670,Highland Rd at Valleyview Dr,2219,125.678,102.0,128.335,284.2,360.0,1.487,73.727,24.786
104749,7500 Blk Dallas Dr,2108,32.402,3.0,128.885,153.0,243.65,6.452,85.579,7.97
151002,1500 Blk Versatile Dr,2106,93.501,74.0,124.212,230.0,303.0,4.084,79.107,16.809
151000,1800 Blk Versatile Dr,2104,117.887,98.0,121.646,248.7,319.7,1.378,77.662,20.96
151001,1600 Blk Versatile Dr,2104,114.95,96.0,122.969,249.7,322.85,1.378,77.899,20.722
104758,Dallas Dr at Ridge Rd,2098,52.133,30.0,127.979,165.3,262.3,5.481,85.605,8.913
104759,Dallas Dr at Bogetti Rd,2098,85.634,62.0,129.7,204.3,288.15,2.288,85.748,11.964
104756,Dallas Dr at Todd Hill Cres,2097,80.305,55.0,128.561,196.4,285.4,1.621,86.981,11.397
104757,Dallas Dr at Harper Rd,2096,83.389,59.0,128.721,200.0,294.75,1.813,86.594,11.594
104755,Dallas Dr at Mountview Dr,2095,52.381,26.0,126.793,166.0,261.0,3.628,87.542,8.831
104754,Dallas Dr at Yarrow Pl,2093,60.861,36.0,128.265,178.0,266.6,2.819,87.53,9.651
104752,7100 Blk Dallas Dr,2091,52.338,24.0,126.59,170.0,261.0,2.535,88.187,9.278
104753,6700 Blk Dallas Dr,2090,41.422,14.0,126.274,156.3,253.0,5.646,85.885,8.469
104751,7300 Blk Dallas Dr,2086,33.159,4.0,126.842,147.5,245.25,6.568,85.57,7.862
104750,Dallas Dr at O'Connor Rd,2083,64.271,34.0,127.022,184.0,270.8,1.392,88.142,10.466
104748,Kokanee Way at Hwy 1,2076,36.303,8.0,134.674,163.0,244.25,4.624,86.464,8.911
104473,Hillside Dr at Copperhead Dr,2013,135.778,117.0,124.213,262.8,322.0,0.994,71.634,27.372
104474,1800 Blk Hillside Dr,2010,110.31,94.0,125.242,240.0,302.55,2.886,76.766,20.348
104475,Hillside Dr at Davies Pl,2010,89.857,73.5,126.17,226.0,283.0,5.721,78.06,16.219
104476,Hillside Dr at Mt Dufferin Cres,2009,106.281,92.0,127.156,243.0,299.2,3.733,75.958,20.309
104477,Hillside Dr at Cascade St,2008,70.811,56.0,128.011,209.3,263.0,9.861,76.345,13.795
104478,Hillside Dr at Cannel Dr,2008,44.578,30.0,125.065,179.3,240.0,16.733,73.357,9.91
104746,Dallas Dr at Cougar Rd,1941,79.56,46.0,193.481,296.0,428.0,18.753,58.63,22.617
104745,Dallas Dr at Andover Cres,1936,87.077,55.0,193.586,309.0,433.25,16.787,59.969,23.244
151026,Okanagan Way at Dene Dr,1926,203.698,173.0,198.361,412.5,513.0,1.973,50.208,47.819
104744,Dallas Dr at Peerless Way,1924,75.471,39.0,191.728,299.7,409.4,19.699,59.044,21.258
151015,Athabasca St W at Chilcotin Rd,1901,60.213,32.0,178.561,230.0,313.0,19.779,64.755,15.466
104626,Puett Ranch Rd at Old Highway 5,1708,159.167,118.0,173.644,367.3,468.65,0.703,64.169,35.129
104627,Cammeray Dr at Puett Ranch Rd,1708,179.283,141.0,168.91,381.6,474.0,0.351,60.187,39.461
104628,Cammeray Dr at Strawberry Lane,1708,164.191,124.0,176.679,378.3,476.3,0.937,62.646,36.417
104629,Cammeray Dr at Chilco Ave,1708,152.016,110.0,177.454,365.3,469.65,1.405,64.813,33.782
104637,Mattoch-McKeague Rd at Furiak Rd,1708,191.022,151.0,176.4,420.3,489.0,0.82,56.206,42.974
104630,Reighmount Dr at Pinantan Dr,1707,171.353,128.0,177.777,384.8,487.5,0.644,61.336,38.02
104635,Spurraway Rd at Puett Ranch Rd,1707,174.996,137.0,173.957,394.0,467.7,1.054,60.457,38.489
104636,Furiak Rd at Puett Ranch Rd,1707,204.455,167.0,174.736,428.0,496.0,0.293,53.544,46.163
104770,Mattoch-McKeague Rd at Cameron Rd,1707,205.78,172.0,170.628,421.4,495.0,0.703,51.845,47.452
104634,Spurraway Rd at Helmcken Dr,1706,197.247,160.5,173.435,411.5,487.75,0.293,54.982,44.725
104638,Old Highway 5 at Mattoch-McKeague Rd,1706,230.198,184.0,209.047,477.0,589.5,0.41,48.769,50.821
104639,Old Highway 5 at Devick Rd,1706,263.635,220.0,209.35,518.0,623.5,0.117,40.797,59.086
104631,Reighmount Dr at Kathleen Pl,1705,192.398,154.0,171.25,397.0,485.8,0.352,57.595,42.053
104633,Aspen Park Dr at Helmcken Dr,1703,159.302,122.0,173.285,370.8,453.0,1.527,63.476,34.997
104632,Aspen Park Dr at Spurraway Rd,1701,176.58,140.0,171.896,383.0,472.0,0.705,60.553,38.742
104640,Halston Connector Rd at Josep Way,1700,-33.805,-20.0,182.205,125.0,229.4,41.353,52.176,6.471
104620,Halston Connector Rd at Salish Rd,1528,239.63,208.0,143.15,397.0,499.3,0.065,37.762,62.173
104619,Halston Ave at Kingston Ave,1526,228.339,192.0,140.46,379.0,483.0,0.066,43.906,56.029
104624,6700 Blk Old Highway 5,1524,18.906,-2.0,153.946,193.7,273.85,30.249,58.399,11.352
151051,Talasa Way at Sun Rivers Dr,1006,198.363,162.0,167.77,408.5,530.0,0.398,55.765,43.837
151050,Old Highway 5 at Todd Mountain Rd,941,92.824,58.0,164.862,289.0,383.0,9.458,68.757,21.785
151045,Okanagan Way at Dene Dr,798,200.477,161.0,174.873,412.0,537.35,0.376,55.514,44.11
151052,Athabasca St W at Mount Pual Centre Way,790,105.239,76.5,138.444,271.5,389.85,5.063,73.924,21.013
104421,Aberdeen Dr at Abbeyglen Way,663,236.416,157.0,276.714,645.8,758.9,6.637,49.472,43.891
104420,Abbeyglen Way at Regent Cres,648,235.821,130.5,267.102,649.0,745.2,4.63,53.858,41.512
151038,Munro St at 8th Ave,564,158.241,166.5,324.726,529.7,654.1,17.376,35.106,47.518
104908,Grasslands Blvd at Quail Dr,294,382.048,311.0,345.857,815.4,948.65,7.143,20.408,72.449
104424,Laurier Dr at Galloway Pl,247,384.101,289.0,282.907,790.4,882.1,0.0,33.603,66.397
104425,Garymede Dr at Laurier Dr,246,393.293,320.0,302.898,820.5,910.0,0.0,37.398,62.602
104426,Garymede Dr at Greystone Cres,237,388.713,288.0,299.798,810.0,935.4,0.0,34.599,65.401
104601,Summit Dr at Robson Dr,203,118.187,101.0,143.67,256.0,359.4,6.404,75.369,18.227
151037,South Sahali Elementary,201,16.219,15.0,337.721,415.0,486.0,25.871,52.736,21.393
104784,Summit Dr at Robson Dr,105,111.724,77.0,187.546,260.4,359.8,3.81,81.905,14.286
104786,Summit Dr at Tremerton Dr,105,132.2,90.0,187.914,275.0,389.0,1.905,81.905,16.19
104789,Summit Dr at Gleneagles Dr,105,91.61,53.0,184.887,228.2,348.2,5.714,80.952,13.333
104785,Summit Dr at Hollyburn Dr,104,107.154,77.5,143.432,249.2,344.9,2.885,82.692,14.423
104208,Tranquille Rd at Oak Rd,92,81.424,76.5,105.348,219.1,264.5,10.87,70.652,18.478
104221,Tranquille Rd at Windbreak St,89,123.966,110.0,128.623,292.0,337.6,6.742,58.427,34.831
104843,Aberdeen Dr at Abbeyglen Way,47,26.064,-20.0,131.487,159.4,384.8,6.383,82.979,10.638
104823,Sifton Ave at Sifton Lane,18,98.944,11.0,345.012,552.2,700.5,33.333,38.889,27.778
104838,2200 Blk Sifton Ave,16,167.125,47.5,329.755,605.0,743.0,25.0,37.5,37.5
104222,Tranquille Rd at Invermere Crt,2,112.5,112.5,280.721,271.3,291.15,50.0,0.0,50.0
104223,Tranquille Rd at Shelan Pl,2,136.0,136.0,270.115,288.8,307.9,0.0,50.0,50.0
104224,Tranquille Rd at Schreiner St,2,104.0,104.0,263.044,252.8,271.4,50.0,0.0,50.0
104225,Crestline St at Glenview Ave,1,275.0,275.0,,275.0,275.0,0.0,0.0,100.0
